ACCOUNT_ID,SN_TYPE,TOTAL_ENGAGEMENT,LIKES,SHARES,COMMENTS,REACH
Starbucks Global (IG),Instagram,1145599.0,1053574.0,82726.0,9299.0,19049780.0
Starbucks Global (TT),TikTok,525314.0,485628.0,28008.0,11678.0,19437027.0
Starbucks Mexico (IG),Instagram,273980.0,237861.0,34648.0,1471.0,5332899.0
Starbucks Korea (IG),Instagram,206708.0,148837.0,51358.0,6513.0,11739461.0
Starbucks Global (FB),Facebook,197280.0,178653.0,15496.0,3131.0,190688751.0
Starbucks Malaysia (IG),Instagram,119485.0,87799.0,30973.0,713.0,5525197.0
Starbucks Philippines (IG),Instagram,117876.0,90505.0,27071.0,300.0,2858503.0
Starbucks Indonesia (IG),Instagram,78018.0,48225.0,27772.0,2021.0,7952948.0
Starbucks Canada (IG),Instagram,76425.0,55290.0,19769.0,1366.0,3479798.0
Starbucks Canada (TT),TikTok,69520.0,62531.0,4184.0,2805.0,2633881.0
Starbucks Taiwan (IG),Instagram,63019.0,47346.0,15510.0,163.0,3388326.0
Starbucks Thailand (FB),Facebook,57680.0,51421.0,5168.0,1091.0,14438709.0
Starbucks Turkey (IG),Instagram,57187.0,30651.0,25877.0,659.0,3029572.0
Starbucks France (IG),Instagram,49071.0,33977.0,8376.0,6718.0,1130235.0
Starbucks India (IG),Instagram,48248.0,34741.0,13067.0,440.0,1567710.0
Starbucks Mexico (TT),TikTok,43880.0,35762.0,7469.0,649.0,3008091.0
Starbucks Poland (IG),Instagram,39556.0,28613.0,10488.0,455.0,1051998.0
Starbucks UK (IG),Instagram,38848.0,31060.0,6909.0,879.0,2513902.0
Starbucks Singapore (IG),Instagram,34705.0,19491.0,15068.0,146.0,1630813.0
Starbucks Spain (IG),Instagram,33720.0,27506.0,5547.0,667.0,1134330.0
Starbucks Vietnam (FB),Facebook,32100.0,28202.0,1628.0,2270.0,3131227.0
Starbucks KSA (FB),Facebook,28626.0,27133.0,1081.0,412.0,28260246.0
Starbucks Costa Rica (IG),Instagram,28326.0,17273.0,10964.0,89.0,1253468.0
Starbucks Hungary (IG),Instagram,28310.0,19646.0,8452.0,212.0,675715.0
Starbucks Guatemala (IG),Instagram,26590.0,22322.0,4179.0,89.0,1107739.0
Starbucks Cambodia (FB),Facebook,23140.0,20186.0,2575.0,379.0,2127348.0
Starbucks El Salvador (IG),Instagram,22560.0,18983.0,3525.0,52.0,1198927.0
Starbucks Philippines (FB),Facebook,20768.0,12892.0,6564.0,1312.0,4221907.0
Starbucks Mexico (FB),Facebook,19141.0,16498.0,1581.0,1062.0,45024006.0
Starbucks Germany (IG),Instagram,18149.0,13867.0,2805.0,1477.0,409137.0
Starbucks Vietnam (IG),Instagram,17438.0,13581.0,3783.0,74.0,451355.0
Starbucks Italy (IG),Instagram,15337.0,12387.0,2741.0,209.0,368620.0
Starbucks India (FB),Facebook,14260.0,14146.0,50.0,64.0,22965839.0
Starbucks Indonesia (FB),Facebook,14075.0,11855.0,296.0,1924.0,42183512.0
Starbucks Romania (IG),Instagram,13251.0,9100.0,4095.0,56.0,357985.0
starbuckshk,Instagram,12767.0,9454.0,3286.0,27.0,480645.0
Starbucks España (TT),TikTok,12053.0,11133.0,788.0,132.0,7037358.0
Starbucks Taiwan (FB),Facebook,11983.0,10882.0,991.0,110.0,3818923.0
Starbucks Thailand (IG),Instagram,10514.0,8052.0,2420.0,42.0,379833.0
Starbucks Netherlands (IG),Instagram,9850.0,7362.0,2323.0,165.0,193313.0
Starbucks Uruguay (IG),Instagram,9343.0,6815.0,2442.0,86.0,503001.0
Starbucks Portugal (IG),Instagram,9146.0,7117.0,1952.0,77.0,152156.0
Starbucks Greece (IG),Instagram,9062.0,6851.0,1586.0,625.0,280256.0
Starbucks UK (FB),Facebook,8842.0,7665.0,201.0,976.0,4733097.0
Starbucks Turkey (FB),Facebook,8530.0,8121.0,233.0,176.0,1812440.0
Starbucks El Salvador (FB),Facebook,8123.0,7888.0,146.0,89.0,18012889.0
Starbucks Guatemala (FB),Facebook,7206.0,6661.0,388.0,157.0,19961048.0
Starbucks KSA (IG),Instagram,7058.0,3444.0,3432.0,182.0,635137.0
Starbucks Korea (FB),Facebook,6514.0,5762.0,508.0,244.0,751521.0
Starbucks Kuwait (IG),Instagram,6095.0,3056.0,2804.0,235.0,338165.0
Starbucks Malaysia (FB),Facebook,5107.0,4268.0,598.0,241.0,1103810.0
Starbucks South Africa (IG),Instagram,4981.0,4038.0,861.0,82.0,143655.0
Starbucks Honduras (IG),Instagram,4965.0,4086.0,851.0,28.0,214593.0
Starbucks Global (LI),LinkedIn,4956.0,4565.0,209.0,182.0,722519.0
Starbucks Canada (FB),Facebook,4955.0,4246.0,214.0,495.0,20953032.0
Starbucks Laos,Facebook,4852.0,4566.0,178.0,108.0,2264489.0
Starbucks Azerbaijan (IG),Instagram,4736.0,2790.0,1883.0,63.0,219553.0
Starbucks UAE (IG),Instagram,4357.0,2612.0,1614.0,131.0,311104.0
Starbucks Cyprus (IG),Instagram,4248.0,2998.0,1226.0,24.0,236760.0
Starbucks Romania (FB),Facebook,3871.0,3716.0,124.0,31.0,2084278.0
Starbucks Costa Rica (FB),Facebook,3831.0,3600.0,129.0,102.0,16358904.0
Starbucks Hungary (FB),Facebook,3504.0,3278.0,103.0,123.0,998620.0
Starbucks España (FB),Facebook,3410.0,3176.0,121.0,113.0,4734118.0
starbucksnz,Instagram,3365.0,2852.0,485.0,28.0,163241.0
Starbucks Malta (IG),Instagram,3292.0,1822.0,1438.0,32.0,70398.0
starbucksreserve_mil,Instagram,3121.0,2621.0,476.0,24.0,62638.0
Starbucks Singapore (FB),Facebook,2803.0,2472.0,258.0,73.0,4372846.0
Starbucks Honduras (FB),Facebook,2524.0,2447.0,48.0,29.0,5523184.0
Starbucks Austria (IG),Instagram,2447.0,1702.0,606.0,139.0,121448.0
Starbucks France (FB),Facebook,1950.0,1667.0,140.0,143.0,1168001.0
Starbucks Norway (IG),Instagram,1813.0,1296.0,317.0,200.0,79753.0
Starbucks New Zealand,Facebook,1765.0,1309.0,416.0,40.0,282269.0
Starbucks Hong Kong,Facebook,1586.0,1471.0,79.0,36.0,342014.0
Starbucks Switzerland (IG),Instagram,1493.0,1127.0,298.0,68.0,139474.0
Starbucks Cambodia (IG),Instagram,1345.0,1165.0,176.0,4.0,44668.0
Starbucks Bahrain (IG),Instagram,1345.0,613.0,700.0,32.0,37778.0
Starbucks Poland (FB),Facebook,1229.0,1131.0,38.0,60.0,1322380.0
Starbucks Colombia (TT),TikTok,1195.0,998.0,142.0,55.0,23282.0
Starbucks UAE (FB),Facebook,1178.0,1014.0,142.0,22.0,428044.0
Starbucks Brazil (TT),TikTok,1177.0,1059.0,32.0,86.0,326569.0
Starbucks Denmark (IG),Instagram,1079.0,864.0,200.0,15.0,43342.0
Starbucks Netherlands (FB),Facebook,761.0,602.0,35.0,124.0,188389.0
Starbucks Greece (FB),Facebook,759.0,719.0,28.0,12.0,147981.0
Starbucks Italy (FB),Facebook,700.0,654.0,28.0,18.0,391858.0
Starbucks Germany (FB),Facebook,582.0,527.0,33.0,22.0,137601.0
Starbucks Qatar (IG),Instagram,515.0,326.0,168.0,21.0,11462.0
Starbucks Portugal (FB),Facebook,396.0,379.0,13.0,4.0,1131754.0
Starbucks Cyprus (FB),Facebook,325.0,307.0,15.0,3.0,65117.0
Starbucks South Africa (FB),Facebook,313.0,241.0,48.0,24.0,37428.0
Starbucks Malta (FB),Facebook,258.0,219.0,27.0,12.0,109485.0
Starbucks Norway (FB),Facebook,221.0,193.0,2.0,26.0,57675.0
Starbucks Mexico (X),X,165.0,83.0,14.0,68.0,33115554.0
Starbucks Kuwait (FB),Facebook,163.0,153.0,7.0,3.0,10662.0
Starbucks Denmark (FB),Facebook,144.0,131.0,2.0,11.0,425779.0
Starbucks Uruguay (FB),Facebook,85.0,80.0,2.0,3.0,112175.0
Starbucks UK (X),X,61.0,26.0,2.0,33.0,41891635.0
Starbucks Azerbaijan (FB),Facebook,52.0,50.0,1.0,1.0,248833.0
Starbucks Austria (FB),Facebook,37.0,35.0,2.0,0.0,236709.0
Starbucks Paraguay (FB),Facebook,3.0,3.0,0.0,0.0,943.0
Starbucks UK GBP (FB Ads),Facebook,0.0,0.0,0.0,0.0,0.0
